star,values
23248,0.377642187343497
24545,0.3395069344523773
22159,0.395573265721199
21466,0.32837688198535453
19905,1.230287292491875
